,Time,Irradiance (Light Sensor),Position (m)
0,0.0,7.655748401183085e-20,18.872707346027624
